Row,Buying price,Price of the maintenance,Number of doors,Persons capacity in terms of persons to carry,Size of luggage boot,Estimated safety of the car,Car acceptability
558,2,2,1,3,3,3,2
110,1,3,4,3,1,3,2
651,3,1,1,2,1,3,2
435,2,1,3,2,2,3,1
447,3,1,2,2,3,1,1
1673,4,1,4,2,3,3,2
79,2,2,4,1,3,3,1
998,3,1,3,1,2,1,1
1185,4,2,2,1,3,3,1
804,2,1,1,3,1,3,1
309,4,3,1,3,3,2,3
802,4,3,2,2,2,1,1
1649,1,3,3,3,3,2,2
1290,1,1,1,1,1,2,1
415,3,1,4,3,2,2,2
1208,1,3,2,2,3,2,2
1374,3,2,3,3,1,3,2
1471,4,4,2,2,1,1,1
323,4,4,4,3,3,1,1
1454,1,1,4,2,3,3,1
210,4,2,4,3,2,2,2
417,1,1,3,1,1,2,1
916,3,1,4,1,2,2,1
154,2,4,3,1,1,1,1
128,1,4,4,1,1,3,1
710,4,4,2,3,1,2,2
1558,1,4,1,1,3,2,1
811,3,3,3,2,1,1,1
779,1,4,3,1,3,1,1
434,2,3,4,1,3,2,1
329,2,1,1,3,1,2,1
935,2,2,1,3,1,2,1
656,3,3,3,1,3,3,1
786,3,2,1,1,3,1,1
244,1,2,3,3,3,1,1
938,2,4,3,3,1,3,2
856,2,4,4,1,3,1,1
1177,1,3,3,2,1,1,1
1422,3,2,4,1,2,3,1
533,1,3,1,3,3,3,2
1390,3,3,3,3,3,2,2
1463,2,4,3,3,1,2,1
1720,4,4,4,3,2,3,4
46,2,2,3,2,1,2,1
227,4,4,3,1,3,3,1
1021,2,4,1,1,3,3,1
805,3,3,1,2,3,3,4
180,1,2,3,2,3,1,1
1650,2,4,4,1,1,3,1
1331,2,1,2,2,2,3,1
1705,1,1,2,1,2,3,1
747,3,3,2,3,2,3,4
1533,3,3,3,3,2,3,4
829,4,2,2,1,2,1,1
517,3,3,2,3,3,3,4
377,4,1,4,1,1,1,1
487,2,3,2,3,2,3,2
855,1,3,3,2,3,3,2
1048,2,2,1,3,2,3,2
1595,3,4,1,2,1,3,3
1080,3,2,1,1,3,2,1
1449,1,3,3,2,2,3,2
1195,2,1,1,1,2,2,1
1400,1,3,2,1,3,2,1
224,2,1,1,3,2,3,1
1345,4,1,4,3,3,3,2
1239,1,1,2,2,2,2,1
1474,2,1,3,2,1,2,1
260,4,1,1,2,2,1,1
740,1,4,1,1,2,3,1
30,1,2,4,3,3,1,1
23,4,3,2,1,3,2,1
148,1,3,2,2,3,1,1
923,4,2,1,2,3,2,2
1126,4,2,4,2,1,2,2
509,2,1,2,3,1,3,1
1171,1,3,2,1,1,1,1
1601,1,1,1,3,2,3,1
55,2,4,3,2,1,1,1
1513,2,2,3,1,2,3,1
384,3,1,4,2,1,2,1
1525,2,2,2,3,2,2,2
596,1,4,2,1,2,2,1
259,3,3,4,3,3,1,1
1670,2,3,2,1,1,1,1
470,2,2,4,2,2,3,2
301,2,2,4,3,1,3,2
249,2,1,2,2,1,1,1
1091,4,4,1,3,2,1,1
706,2,1,4,2,2,2,1
1723,1,4,4,3,2,3,2
1124,2,2,4,3,3,1,1
136,3,4,4,1,1,1,1
1586,3,2,3,3,3,2,2
744,2,1,4,2,1,1,1
662,1,2,2,2,1,2,1
498,1,1,3,3,2,1,1
626,4,2,1,1,3,3,1
1551,2,4,2,2,2,2,1
1327,3,4,2,2,1,1,1
1125,3,4,3,3,1,2,2
47,1,4,3,2,1,1,1
877,3,2,2,2,3,3,2
526,2,3,1,1,1,3,1
1166,3,4,2,1,2,1,1
995,3,4,1,1,2,3,1
1000,2,4,3,3,3,3,2
1727,4,3,2,3,2,3,4
522,1,3,2,2,2,3,2
363,3,4,1,2,2,2,2
912,1,4,3,2,2,3,2
759,4,4,4,2,2,2,3
883,2,4,2,3,3,2,2
910,3,1,3,1,1,3,1
913,3,4,4,3,3,2,3
359,3,1,2,2,3,3,2
1140,4,3,3,2,3,3,4
1626,4,3,4,2,1,2,2
853,1,4,3,3,2,2,2
1298,2,1,4,2,3,1,1
681,2,1,4,3,1,2,1
714,1,4,1,1,2,1,1
793,1,1,1,1,2,1,1
1406,4,1,3,1,3,2,1
440,4,3,2,1,1,3,1
1697,3,2,2,2,2,1,1
1246,2,1,3,2,2,2,1
1341,3,4,3,3,3,3,4
519,3,2,2,1,1,3,1
767,2,4,1,2,3,1,1
831,4,2,1,1,1,3,1
127,3,1,1,3,1,2,1
1088,2,4,4,2,3,1,1
1664,2,4,4,2,1,2,1
668,4,3,1,1,3,2,1
26,4,3,3,3,2,1,1
374,4,1,2,2,3,3,2
693,2,3,3,1,1,1,1
567,1,1,3,2,2,3,1
1358,2,2,4,3,2,2,2
941,1,1,1,2,1,1,1
1637,1,3,2,3,2,1,1
232,1,1,4,3,3,3,1
944,3,3,2,2,1,2,2
1210,1,2,3,1,3,1,1
825,3,4,4,3,3,3,4
1480,2,2,1,1,1,2,1
1142,1,1,1,3,3,2,1
1426,3,3,3,1,2,3,1
818,3,1,1,1,3,3,1
1087,2,3,2,3,3,1,1
772,1,1,3,2,1,3,1
1245,2,2,3,2,3,3,2
389,4,3,1,2,1,1,1
1005,4,1,4,3,1,1,1
1107,3,3,4,2,2,3,4
149,4,2,3,3,2,1,1
1233,4,3,4,3,1,3,3
1399,1,3,4,2,1,2,1
993,4,2,2,3,2,3,4
1609,2,3,3,2,1,1,1
1261,2,3,1,3,3,3,2
1218,3,4,3,2,2,2,3
741,4,2,2,2,1,2,2
1499,4,4,4,2,2,3,4
129,4,3,4,1,2,1,1
497,3,3,2,1,1,1,1
388,4,2,1,3,3,1,1
283,1,2,3,3,3,3,1
492,3,3,1,3,3,1,1
494,3,2,3,3,2,1,1
1256,4,4,2,2,2,3,3
190,3,1,4,2,2,1,1
1145,3,3,1,1,2,2,1
1473,2,1,3,2,3,2,1
1428,3,2,1,3,3,3,2
908,2,2,3,3,3,2,2
491,2,4,1,3,2,3,2
1070,1,4,4,1,2,2,1
387,4,2,3,1,1,2,1
25,3,3,1,2,2,3,2
1235,1,2,4,2,3,3,1
341,3,1,1,1,1,1,1
250,2,2,1,3,3,2,2
1689,1,3,4,2,3,1,1
4,1,3,1,3,2,2,1
1090,1,1,2,1,1,1,1
1059,4,4,2,3,2,1,1
369,4,2,3,2,2,2,2
602,3,1,3,3,2,2,2
59,3,4,1,3,1,1,1
1201,3,3,3,1,2,1,1
437,4,1,2,1,1,1,1
616,3,1,4,2,2,2,2
1594,4,4,2,1,2,2,1
1336,2,1,3,1,1,2,1
405,4,4,4,3,1,1,1
1078,2,3,1,3,1,3,1
446,1,3,1,2,1,1,1
1077,2,3,1,2,2,3,2
1081,1,1,3,1,3,1,1
137,3,2,4,1,2,1,1
505,4,3,2,3,2,2,3
484,2,3,2,3,1,1,1
765,3,3,4,2,3,1,1
796,3,3,2,3,2,2,2
1401,1,3,3,2,2,2,2
186,4,1,1,1,1,3,1
1469,4,2,3,3,1,1,1
1136,3,1,3,3,2,3,2
850,4,2,4,1,2,3,1
1502,2,4,1,2,2,3,2
181,3,3,4,1,2,3,1
163,1,3,1,3,1,3,1
1491,3,3,1,3,1,3,1
921,4,4,3,1,2,3,1
1332,4,1,3,3,1,1,1
514,4,1,3,2,1,2,1
175,4,1,4,1,2,2,1
1632,2,3,4,1,2,3,1
383,4,3,3,3,3,2,3
1296,4,3,2,2,1,3,3
1216,4,2,2,2,2,2,2
1427,1,2,4,3,1,1,1
1617,3,1,1,1,1,2,1
834,4,2,1,2,2,1,1
1273,4,2,4,2,3,2,2
338,1,3,4,1,2,3,1
13,2,2,1,1,2,2,1
1257,2,3,2,3,2,2,2
1486,4,3,3,2,2,1,1
815,3,3,3,3,2,1,1
1268,3,4,4,2,2,1,1
444,4,4,4,1,3,1,1
556,3,3,3,2,3,2,2
781,4,2,2,2,2,3,2
98,2,4,4,1,2,3,1
160,4,3,1,1,3,3,1
851,3,1,4,3,3,3,2
627,4,3,2,3,3,2,3
346,4,2,1,3,1,3,1
942,2,3,4,2,3,1,1
502,1,2,3,3,1,1,1
1043,4,1,1,3,3,2,2
288,2,3,2,2,2,2,1
715,3,4,4,1,1,3,1
591,3,1,4,2,3,1,1
889,1,1,2,1,2,1,1
984,2,1,2,1,2,1,1
1640,1,4,1,1,2,2,1
1317,4,1,3,2,2,2,2
1349,3,1,2,2,2,3,2
1156,2,3,1,2,2,1,1
1214,3,4,1,3,2,1,1
371,1,4,1,1,1,3,1
725,4,4,1,3,1,1,1
749,2,1,4,3,1,1,1
1481,4,2,1,3,1,2,1
865,4,2,4,2,3,1,1
1058,2,2,4,3,3,2,2
961,3,2,2,3,1,2,1
1181,3,1,2,3,1,3,2
1638,2,2,2,3,1,1,1
1388,2,4,3,2,3,3,2
44,3,4,2,1,3,1,1
746,4,4,2,1,2,3,1
1104,1,4,1,3,3,2,2
1027,2,1,2,1,1,1,1
467,2,4,1,3,1,3,1
1302,3,2,1,2,2,2,1
1524,2,3,1,2,1,3,2
1634,3,1,1,3,1,1,1
1431,4,4,3,3,3,3,4
704,1,1,1,1,2,2,1
343,2,3,1,2,3,2,2
677,4,3,1,1,1,3,1
1404,2,4,1,3,1,1,1
536,4,2,1,3,2,2,2
833,3,4,2,3,2,3,4
164,2,1,3,2,1,3,1
97,1,2,4,3,2,1,1
1460,1,1,4,1,3,2,1
1393,1,1,2,3,1,1,1
193,4,2,4,2,1,3,2
1022,4,3,4,2,3,2,3
762,1,1,4,1,2,1,1
619,2,2,4,2,2,2,2
1013,4,3,2,1,2,1,1
235,3,1,2,1,1,2,1
81,4,2,1,3,3,2,2
964,3,1,1,1,1,3,1
1189,1,1,3,1,2,1,1
832,3,4,1,3,1,3,1
155,3,4,4,1,2,3,1
43,4,4,4,1,2,1,1
1219,3,1,2,2,1,3,2
1113,1,3,1,1,3,2,1
724,2,1,4,1,1,2,1
1056,3,3,4,2,3,3,4
1306,1,3,3,1,3,3,1
1264,4,4,1,2,2,1,1
1086,1,3,3,3,1,2,1
414,3,1,3,2,1,3,2
171,2,3,3,1,2,2,1
789,3,2,1,1,1,1,1
1365,1,4,4,1,1,2,1
1025,2,3,1,3,3,1,1
1615,2,1,2,3,1,1,1
1072,2,1,3,2,3,3,1
1202,1,4,3,1,1,2,1
929,4,3,1,3,2,1,1
809,3,1,1,2,3,2,2
1682,3,1,3,2,2,3,2
1678,1,1,3,3,3,3,1
950,3,1,1,1,3,1,1
2,2,2,1,1,2,1,1
882,4,2,1,3,1,1,1
727,3,2,4,2,2,2,2
17,1,4,1,2,3,1,1
172,1,3,1,2,2,1,1
1244,1,1,4,2,3,2,1
764,2,3,3,2,2,3,2
1038,4,3,2,3,1,1,1
1057,4,3,1,1,3,1,1
475,2,4,2,1,2,1,1
963,2,1,4,3,2,3,1
1068,1,3,1,3,1,1,1
1644,4,2,3,2,1,3,2
219,2,3,4,3,2,1,1
1283,2,2,3,2,3,1,1
1418,1,1,2,1,3,1,1
801,1,2,4,2,3,1,1
822,1,4,2,3,1,2,1
418,2,1,1,3,3,2,1
1680,3,4,2,1,3,3,1
348,2,1,4,3,1,3,1
208,4,4,2,1,1,2,1
1243,2,3,2,2,3,1,1
277,2,3,4,3,2,2,2
578,1,4,3,1,3,3,1
35,2,1,1,1,2,3,1
599,4,3,4,3,2,1,1
28,3,1,2,1,2,2,1
551,1,4,2,2,1,1,1
209,2,2,3,3,1,3,2
1368,3,2,3,2,2,2,2
1387,3,4,2,3,2,2,3
245,3,3,1,1,3,1,1
979,2,1,4,1,2,3,1
1437,2,1,1,3,2,2,1
559,2,3,2,1,2,1,1
543,1,4,4,1,3,3,1
1199,4,3,1,1,2,2,1
982,4,3,2,1,1,1,1
1484,1,1,3,3,1,1,1
644,1,4,3,3,2,3,2
566,3,1,4,3,2,1,1
89,3,2,2,3,2,2,2
1109,1,2,1,1,1,3,1
650,3,2,2,1,3,1,1
623,1,4,3,3,1,2,1
886,1,3,2,3,3,3,2
161,4,3,4,1,2,3,1
570,4,4,3,2,1,3,3
1453,3,3,1,2,2,2,2
1435,4,1,3,2,3,3,2
1655,2,2,1,2,3,2,2
1666,2,3,1,3,2,1,1
808,4,4,2,3,3,3,4
296,2,1,1,1,1,3,1
408,3,2,1,1,1,2,1
546,2,1,2,1,3,1,1
780,2,1,4,3,3,3,1
159,1,2,2,3,1,2,1
1375,3,4,4,2,3,1,1
100,2,4,2,1,3,1,1
1287,2,4,1,2,3,3,2
1155,2,1,1,1,3,1,1
45,2,1,4,1,2,1,1
622,4,4,3,2,2,3,4
1568,3,2,4,3,2,1,1
1359,2,3,1,1,2,1,1
178,4,3,2,2,3,3,4
680,3,2,4,1,1,2,1
515,3,3,4,2,2,1,1
125,3,3,4,1,1,3,1
636,1,1,2,1,3,2,1
385,4,2,2,3,2,2,2
1395,2,4,4,2,2,3,2
1190,4,3,3,3,3,1,1
1211,3,4,3,3,1,1,1
1196,3,4,4,3,1,1,1
1440,1,2,3,2,2,2,1
1429,4,1,2,2,2,2,1
126,4,3,1,3,1,3,1
1546,4,2,3,3,1,2,2
1578,3,2,1,1,2,3,1
1488,3,4,2,1,1,1,1
1633,2,2,2,2,1,1,1
1651,4,2,2,1,3,2,1
1547,3,3,2,3,1,2,2
1579,2,2,1,3,1,3,1
292,2,4,4,3,1,2,1
1355,2,4,2,1,1,3,1
1589,4,4,3,1,1,3,1
192,2,2,3,2,2,1,1
1668,4,4,3,1,3,1,1
930,1,3,1,2,3,1,1
392,1,2,3,3,2,2,1
27,3,1,3,1,1,2,1
868,1,3,4,3,2,3,2
994,2,4,3,1,2,1,1
315,3,4,4,2,1,2,2
188,3,4,1,3,3,1,1
787,4,4,1,1,1,2,1
207,4,1,4,2,1,3,2
202,2,4,4,2,1,3,2
1200,1,2,2,3,3,2,1
87,1,3,2,3,3,1,1
1559,2,2,1,2,2,2,1
697,2,3,4,2,2,1,1
1585,1,2,1,2,2,3,1
146,3,1,3,3,2,1,1
316,3,4,4,2,2,2,3
849,2,1,4,3,3,1,1
1686,3,4,3,1,1,1,1
897,4,3,4,1,2,2,1
1047,3,3,4,3,3,3,4
971,3,1,2,2,3,2,2
1645,4,1,1,3,2,2,1
968,4,1,2,2,3,1,1
1154,3,1,4,1,3,3,1
1343,1,4,1,2,3,2,2
1451,1,4,2,3,2,1,1
1299,3,1,4,1,2,1,1
633,4,1,2,3,3,1,1
1099,1,2,1,1,2,2,1
1606,1,4,1,1,3,1,1
1527,2,4,4,1,3,2,1
144,1,2,1,2,3,2,1
380,1,1,3,2,1,2,1
1434,4,2,1,2,2,3,2
1403,4,2,2,2,3,2,2
1706,4,2,1,3,2,1,1
1277,2,3,3,3,2,2,2
91,1,1,4,1,1,2,1
524,4,2,4,1,2,2,1
613,4,3,1,2,2,3,3
1224,1,1,4,2,1,2,1
614,1,4,3,2,2,1,1
858,3,2,4,3,2,3,2
1114,3,3,4,1,3,3,1
257,2,4,3,1,3,3,1
684,4,2,4,1,3,2,1
1242,3,1,1,3,3,1,1
1630,2,3,3,2,3,3,2
233,3,2,4,2,2,3,2
1710,3,3,3,1,2,2,1
988,1,1,4,2,1,1,1
1186,3,3,3,2,2,2,2
1371,1,3,2,2,2,1,1
403,2,1,2,2,1,3,1
123,3,4,1,2,3,1,1
1254,1,2,1,1,1,1,1
438,4,1,2,3,1,2,1
937,1,4,4,3,3,1,1
1237,3,3,1,1,2,3,1
1192,1,2,3,2,1,1,1
1161,3,3,4,1,1,2,1
618,1,4,3,1,2,3,1
568,3,1,4,1,1,3,1
840,2,3,3,3,2,1,1
1597,3,4,2,2,1,3,3
31,4,2,4,3,3,3,4
703,2,1,3,1,2,2,1
1614,1,3,4,2,2,3,2
39,3,1,2,2,2,1,1
990,3,3,2,1,3,2,1
812,1,1,2,1,1,3,1
824,2,1,3,2,1,1,1
1263,1,2,1,2,1,3,1
560,3,3,3,1,3,2,1
1618,4,3,3,1,3,3,1
117,2,3,2,3,1,3,2
1001,4,3,2,2,3,2,3
539,4,3,1,1,2,1,1
609,1,1,2,3,3,3,1
1503,1,2,3,3,3,2,1
266,2,2,3,1,1,2,1
1170,2,1,3,1,3,1,1
952,3,2,1,1,2,2,1
652,1,3,3,2,1,3,2
1085,1,2,1,2,2,2,1
1405,4,2,4,1,3,3,1
768,4,1,2,3,2,3,2
1266,2,3,1,1,3,2,1
1041,1,3,2,3,1,2,1
246,2,2,3,1,3,3,1
134,3,2,2,2,2,3,2
501,3,1,4,1,3,1,1
37,2,1,2,2,3,1,1
763,1,3,3,3,3,1,1
131,3,3,1,1,1,1,1
521,1,4,1,1,3,3,1
667,1,1,3,2,1,1,1
936,1,1,1,2,1,2,1
506,2,1,4,1,3,3,1
86,2,4,3,2,1,3,2
1415,4,1,2,1,2,3,1
407,1,1,2,1,3,3,1
1693,2,4,3,3,3,1,1
955,1,3,2,1,2,1,1
239,4,1,3,2,2,3,2
215,3,4,2,1,2,2,1
1635,2,3,2,1,3,2,1
284,1,2,1,3,2,1,1
969,2,1,2,2,2,2,1
439,1,1,1,2,2,2,1
174,3,2,2,2,3,1,1
658,1,1,2,2,3,3,1
478,2,3,1,3,3,2,2
919,4,4,2,1,3,1,1
19,2,1,2,3,3,2,1
84,2,4,1,2,1,2,1
353,4,3,2,2,1,1,1
1373,3,2,2,2,1,1,1
823,2,1,2,1,1,2,1
527,1,3,4,1,2,1,1
248,1,3,1,2,3,3,2
396,1,4,3,2,3,3,2
1050,1,4,1,1,1,1,1
847,1,2,1,2,3,3,1
827,2,2,1,1,1,1,1
577,4,4,3,1,1,1,1
904,3,2,2,1,3,2,1
393,4,3,4,1,1,2,1
946,4,1,2,3,1,3,2
1054,4,1,1,1,3,1,1
821,2,1,2,3,3,1,1
550,2,3,2,1,2,3,1
1339,1,3,1,1,1,2,1
319,4,4,4,1,1,2,1
1314,4,3,4,3,2,2,3
838,4,4,3,2,1,1,1
1103,1,3,1,2,3,2,2
1132,1,1,4,1,1,1,1
206,2,3,4,2,2,3,2
890,4,3,3,2,3,2,3
61,1,1,4,3,1,3,1
78,2,1,3,2,2,1,1
1350,4,4,1,2,1,1,1
320,4,4,4,1,1,3,1
500,4,4,4,1,3,2,1
452,1,2,1,3,3,2,1
344,1,1,2,3,2,3,1
255,3,4,2,3,3,1,1
412,3,3,2,2,2,1,1
775,1,2,2,1,1,1,1
1293,2,4,3,3,2,3,2
807,4,4,2,2,1,3,3
503,4,3,4,2,1,3,3
253,3,2,3,1,2,2,1
1111,3,4,1,1,1,1,1
507,2,2,1,2,2,3,2
610,1,3,4,1,2,2,1
1411,4,2,1,3,3,3,4
261,3,4,1,3,1,2,1
1259,3,1,4,3,1,2,1
109,4,3,4,3,3,2,3
474,4,4,3,1,3,2,1
534,3,1,2,3,3,2,2
1711,4,1,2,2,1,2,1
397,2,4,4,1,1,2,1
1376,4,4,1,1,3,1,1
520,3,3,2,2,2,3,2
966,2,3,1,2,1,2,1
790,1,4,2,2,2,2,1
410,2,4,4,3,3,3,2
482,2,1,4,2,2,1,1
65,3,4,2,2,3,2,3
11,3,2,2,3,1,1,1
836,4,4,4,1,1,1,1
1724,2,2,2,2,3,2,2
185,4,3,2,1,1,2,1
456,1,2,4,1,1,3,1
1340,4,2,3,1,3,2,1
862,1,3,1,2,1,2,1
1417,4,4,3,3,2,3,4
1639,2,3,2,2,2,1,1
1312,3,3,2,1,1,3,1
82,4,3,1,2,2,2,2
1055,1,3,4,1,3,3,1
279,3,4,1,2,3,3,4
1357,1,2,2,3,2,1,1
10,1,4,2,2,1,3,2
1420,2,4,2,1,2,2,1
459,3,1,2,1,3,2,1
1017,4,1,3,1,2,3,1
1450,2,4,3,3,1,1,1
54,1,3,1,3,3,1,1
605,2,3,3,3,1,1,1
956,2,4,2,3,1,3,2
1604,1,1,3,1,3,3,1
313,3,3,2,1,2,1,1
1094,2,4,3,3,3,2,2
1441,3,4,2,2,2,3,3
902,3,1,3,2,1,1,1
489,1,2,2,1,1,3,1
750,1,2,4,2,2,1,1
778,2,4,2,1,2,3,1
1544,2,2,2,1,1,3,1
390,4,1,4,1,3,1,1
972,2,1,3,1,3,3,1
18,1,4,2,2,3,2,2
673,3,2,1,2,1,1,1
1223,3,2,4,2,3,2,2
321,3,3,3,3,3,3,4
510,2,3,2,3,2,1,1
1116,4,4,2,1,3,3,1
842,3,4,1,1,3,3,1
373,1,4,4,3,1,2,1
729,1,4,1,2,2,2,1
455,2,4,1,1,1,2,1
608,3,3,3,2,2,1,1
356,1,4,3,3,3,1,1
672,3,1,4,3,1,3,2
1591,1,3,2,2,2,2,1
1521,3,4,1,3,2,2,2
592,3,1,4,3,2,3,2
722,3,2,1,3,1,2,1
1148,1,3,1,2,1,3,2
269,2,1,1,1,1,2,1
324,1,4,2,3,1,3,2
0,3,4,3,2,2,3,4
473,2,2,3,1,1,1,1
1153,4,4,3,2,3,1,1
914,4,4,1,3,2,3,3
6,4,3,1,2,2,1,1
162,3,4,3,2,1,1,1
1004,3,1,3,3,3,2,2
817,3,1,1,1,2,2,1
430,1,3,1,1,1,1,1
468,1,3,1,2,2,2,1
569,1,2,1,2,3,1,1
213,4,2,3,1,2,1,1
184,3,2,3,3,3,1,1
615,4,1,3,2,3,2,2
554,2,4,2,2,3,2,2
705,2,2,4,1,3,2,1
1410,2,4,4,3,1,1,1
1629,4,4,2,2,2,1,1
1669,3,2,1,3,2,2,1
1433,3,2,1,3,1,3,1
483,2,1,2,2,3,3,1
947,4,4,2,1,1,1,1
1289,4,2,3,3,2,2,2
243,4,1,1,1,2,2,1
645,3,3,3,2,1,3,2
1265,2,2,4,1,1,1,1
1593,3,3,1,2,1,2,2
1217,2,3,3,1,3,1,1
118,1,4,3,2,1,3,2
318,3,4,4,3,1,2,2
523,1,3,3,2,3,1,1
1468,1,1,1,2,1,3,1
617,3,2,3,1,1,1,1
102,2,1,3,3,2,2,1
1334,2,3,3,3,3,3,2
195,4,4,3,3,1,3,3
1398,3,4,4,1,3,1,1
421,3,2,2,2,1,2,1
957,3,1,2,1,3,3,1
531,1,2,2,1,2,3,1
355,4,2,1,3,2,3,2
1389,3,4,3,2,2,1,1
471,3,2,1,1,3,3,1
1191,2,2,1,3,1,1,1
588,2,3,4,3,3,3,2
236,4,4,1,1,2,2,1
1206,1,3,3,1,2,1,1
854,4,2,2,3,3,1,1
878,4,1,1,2,1,1,1
307,3,2,3,3,1,2,1
298,3,4,1,2,2,3,3
628,3,1,2,1,3,1,1
687,4,2,2,1,2,3,1
427,4,1,4,2,1,1,1
895,1,3,4,1,3,2,1
143,3,1,4,2,2,3,2
112,3,1,1,1,2,1,1
1333,1,4,4,3,1,1,1
411,2,2,2,2,2,2,1
242,2,2,2,1,3,1,1
1529,3,2,1,2,2,3,2
1543,4,4,4,1,2,3,1
1178,2,3,2,1,3,1,1
758,4,4,4,2,3,1,1
1610,2,2,2,2,2,1,1
401,1,1,1,3,1,2,1
639,2,4,2,2,2,1,1
1646,4,3,3,2,1,2,2
1549,4,2,3,3,2,3,4
909,3,4,1,3,2,3,3
585,2,1,2,2,3,2,1
1448,4,1,4,1,1,2,1
991,3,3,2,3,1,3,2
665,2,4,2,3,3,3,2
64,4,1,1,1,2,3,1
77,3,4,4,3,1,3,3
896,2,2,3,2,2,3,2
810,3,4,4,1,2,2,1
1704,4,3,3,1,1,1,1
1279,2,4,4,3,3,2,2
166,2,2,1,2,1,3,2
565,2,4,1,1,1,1,1
647,1,1,1,1,3,1,1
404,1,3,2,1,3,3,1
416,1,2,2,2,1,3,1
1588,1,4,4,2,3,3,2
745,4,4,2,2,3,1,1
342,4,3,1,3,3,3,4
1667,1,2,4,1,2,3,1
1162,3,3,2,2,1,1,1
237,2,4,1,3,1,2,1
1713,2,4,4,2,2,1,1
1213,2,3,1,2,1,1,1
1248,3,2,4,2,3,3,2
1139,3,4,1,1,1,2,1
1167,4,2,2,3,1,2,2
757,2,1,3,3,2,3,1
1695,4,2,2,1,1,3,1
56,4,4,2,1,3,2,1
1180,2,2,2,3,3,1,1
791,4,3,3,3,2,3,4
976,1,2,4,2,3,2,1
1532,4,2,4,2,2,3,4
720,1,2,4,3,2,2,1
1574,2,3,3,3,3,2,2
1101,2,1,2,2,1,2,1
476,4,3,3,2,3,1,1
1089,1,3,1,3,2,1,1
1297,1,4,2,1,3,2,1
1378,1,2,3,2,1,2,1
147,1,4,2,1,1,3,1
1060,3,1,2,3,2,1,1
1269,1,2,3,1,3,3,1
545,4,1,4,3,3,2,2
1622,3,2,3,1,2,1,1
1456,4,1,2,2,3,2,2
332,2,3,3,2,2,2,2
1506,3,3,4,3,2,1,1
1212,1,3,2,1,2,3,1
1700,2,4,4,2,1,1,1
1175,1,3,4,1,3,1,1
406,4,2,3,1,2,2,1
695,4,1,1,2,3,1,1
290,4,3,3,2,1,1,1
713,2,4,1,2,1,1,1
1291,4,4,3,2,2,2,3
738,1,1,4,2,2,1,1
1636,2,4,2,2,2,3,2
884,3,4,2,1,3,2,1
1465,4,3,2,1,3,1,1
1064,3,1,1,3,2,3,2
460,1,4,3,1,1,1,1
1580,2,1,4,2,1,3,1
1127,3,3,2,2,3,3,4
678,2,1,3,1,3,2,1
12,2,2,4,2,1,3,2
1123,2,4,1,3,2,1,1
1702,2,1,1,2,2,3,1
1402,3,3,3,1,1,3,1
75,2,1,2,3,1,2,1
1570,1,1,4,2,2,3,1
1522,2,3,1,1,2,3,1
1009,3,3,4,1,3,2,1
612,3,1,3,1,1,1,1
1531,2,1,1,2,1,3,1
1419,3,3,1,2,1,1,1
841,4,1,3,1,1,3,1
15,2,1,3,3,1,3,1
7,1,2,2,3,1,1,1
413,3,2,4,3,3,1,1
1656,2,2,3,2,1,1,1
1457,3,4,3,1,3,2,1
783,2,4,2,3,2,2,2
752,4,1,2,3,3,2,2
754,3,1,3,2,3,3,2
1146,4,1,1,3,1,2,1
1117,2,1,4,1,1,1,1
76,4,1,1,1,2,1,1
57,3,1,4,2,3,3,2
1318,4,1,4,2,2,3,2
1592,1,1,3,1,1,3,1
212,1,3,2,3,2,2,2
1247,1,2,3,3,1,2,1
347,4,1,4,2,2,2,2
1035,4,4,2,1,2,1,1
1545,3,2,2,2,2,2,1
983,2,4,3,1,1,2,1
333,4,4,1,2,3,3,4
586,2,3,4,1,2,2,1
1003,2,3,3,1,1,2,1
1105,1,1,2,2,1,3,1
1295,3,1,3,3,3,3,2
1260,4,3,3,2,1,3,3
1,1,4,3,1,2,1,1
1445,1,1,4,1,3,3,1
391,1,4,3,2,3,1,1
80,2,3,1,3,1,1,1
784,1,2,3,2,2,3,1
1518,2,4,2,1,3,3,1
1097,1,3,3,3,3,3,2
1325,4,1,4,3,2,3,2
1495,4,1,4,1,3,2,1
1688,1,2,2,2,3,3,1
1725,2,2,2,3,2,3,2
1683,2,2,3,2,1,3,2
1353,1,3,4,3,2,2,2
1120,4,3,4,3,2,3,4
1329,3,1,3,3,1,3,2
1115,1,4,4,2,2,1,1
1641,2,4,4,3,2,2,2
813,4,2,2,2,2,1,1
358,2,1,3,1,2,3,1
1037,4,1,1,1,3,2,1
1226,1,1,2,3,1,3,1
1485,1,2,1,2,1,1,1
655,1,4,4,3,1,3,2
1108,1,2,1,3,3,3,1
465,3,1,1,2,2,1,1
863,1,3,1,1,3,1,1
879,3,3,2,1,1,2,1
769,4,4,2,2,2,2,2
263,2,3,1,1,3,3,1
770,2,3,4,1,1,2,1
1262,1,2,2,2,1,1,1
1112,1,1,2,3,1,2,1
419,1,3,4,1,1,3,1
735,3,3,1,3,2,1,1
386,4,2,2,1,1,1,1
1467,2,4,4,1,2,2,1
1627,3,1,4,1,1,1,1
1179,4,1,4,1,3,3,1
200,2,3,3,2,1,3,2
999,4,4,1,3,2,2,2
646,2,4,1,3,3,3,2
1282,3,3,3,3,1,3,2
1442,2,2,4,1,3,1,1
400,3,3,2,3,1,1,1
1557,4,4,2,3,3,1,1
199,3,2,4,1,1,3,1
448,1,1,1,2,3,1,1
340,4,4,3,1,1,2,1
1699,1,2,4,3,2,3,1
1187,3,4,4,1,2,1,1
1718,2,2,2,1,1,2,1
648,4,2,4,2,1,1,1
1487,3,2,4,1,1,1,1
945,3,1,4,2,3,2,2
83,4,3,4,1,1,3,1
485,1,3,1,1,2,3,1
1703,3,1,3,3,1,1,1
1482,1,1,1,3,3,1,1
182,4,2,3,2,1,1,1
1238,3,2,3,3,1,1,1
1328,3,4,1,2,2,1,1
1684,4,1,4,3,1,3,2
1322,2,4,3,1,2,2,1
429,1,2,4,2,1,3,1
1542,2,4,4,1,3,3,1
977,3,4,2,2,2,2,2
349,4,1,4,3,1,2,1
1452,2,3,4,2,1,1,1
151,2,3,3,3,3,1,1
511,1,1,2,3,2,1,1
1152,4,1,4,2,2,1,1
1173,3,2,1,2,2,1,1
1309,4,1,1,3,3,1,1
1320,1,3,1,1,3,3,1
528,3,2,1,3,2,1,1
970,1,4,1,1,1,2,1
1600,3,4,2,3,2,1,1
594,1,1,1,2,2,1,1
1446,4,2,2,3,1,1,1
508,3,3,1,3,1,2,1
814,4,2,3,3,1,3,2
870,2,1,1,2,1,2,1
1386,3,1,2,1,2,1,1
357,3,2,3,2,3,3,2
595,4,4,4,2,1,3,3
71,4,4,1,1,3,2,1
1366,3,1,2,3,2,3,2
1138,2,1,2,1,1,3,1
433,1,1,1,2,3,3,1
1252,1,4,4,1,1,1,1
1023,2,3,4,3,1,3,2
632,4,2,3,1,3,3,1
472,4,3,1,3,3,1,1
1160,2,2,1,2,1,2,1
1385,2,4,1,2,3,2,2
925,3,4,4,1,3,3,1
997,3,1,1,2,3,1,1
1061,3,1,3,2,1,2,1
726,2,1,1,2,3,3,1
1577,1,2,1,1,2,1,1
453,1,1,3,2,3,1,1
1095,4,3,4,2,2,1,1
1271,4,1,3,3,1,3,2
441,1,3,3,1,1,2,1
336,1,1,3,3,2,3,1
1714,1,2,1,1,2,3,1
1553,3,3,2,1,2,3,1
572,2,2,2,3,2,1,1
1712,4,4,2,3,1,3,3
537,1,2,1,2,2,1,1
1176,2,3,2,3,3,3,2
640,2,4,4,3,1,3,2
60,2,2,3,2,2,2,2
1071,3,1,1,3,1,3,1
1413,3,3,3,3,2,2,2
95,1,3,4,2,3,3,2
987,3,3,3,1,3,1,1
1425,4,3,2,3,1,2,2
760,3,4,4,2,1,1,1
1581,3,3,1,1,2,1,1
169,2,3,2,2,2,3,2
101,3,2,4,1,3,2,1
130,4,1,2,3,3,3,2
1455,4,1,2,3,1,1,1
225,4,1,1,3,2,3,2
1182,3,1,2,3,3,1,1
598,4,2,1,1,2,1,1
139,2,3,2,3,3,2,2
709,4,2,4,1,2,1,1
859,4,4,4,1,2,2,1
1675,3,2,2,3,2,1,1
1438,2,4,1,1,3,2,1
1042,1,2,3,2,1,3,1
424,2,1,4,2,3,3,1
575,1,1,4,2,1,3,1
49,3,1,1,2,2,3,2
428,1,2,3,3,1,3,1
1215,3,1,1,3,2,2,1
903,4,1,2,2,1,1,1
1031,2,3,4,3,1,2,1
218,4,2,2,3,1,3,2
739,1,3,4,1,1,2,1
1308,2,3,3,1,3,3,1
1311,4,4,1,3,3,1,1
104,1,2,2,1,2,2,1
310,3,2,2,1,2,1,1
1221,1,2,2,1,3,2,1
394,1,3,2,2,1,3,2
1143,3,1,1,3,3,2,2
1106,4,1,1,1,1,1,1
1462,3,2,4,2,1,3,2
1144,1,1,1,2,2,3,1
564,1,4,2,1,3,3,1
1313,2,4,4,3,2,1,1
1205,4,2,3,3,3,2,2
1084,4,3,4,1,3,3,1
216,4,2,1,1,2,2,1
948,2,3,1,3,1,2,1
734,2,2,1,1,1,3,1
1528,1,3,3,1,3,1,1
1006,2,3,3,2,1,2,1
1498,2,1,1,3,2,1,1
268,1,3,3,3,2,3,2
1083,1,4,3,3,2,1,1
280,3,1,4,1,2,3,1
593,4,3,4,2,1,1,1
1497,3,2,3,1,1,3,1
1016,2,1,2,1,2,3,1
866,4,1,3,1,3,1,1
38,3,2,3,2,1,1,1
1197,3,4,3,2,3,3,4
675,2,1,1,2,3,2,1
32,3,4,3,1,3,3,1
1284,3,4,3,1,3,1,1
381,4,1,3,1,1,2,1
538,2,4,3,2,1,2,1
1067,3,2,3,2,3,1,1
676,1,4,4,2,1,2,1
1053,1,1,4,1,2,3,1
138,2,2,3,1,1,3,1
600,4,1,2,3,2,1,1
240,4,2,3,3,3,1,1
1490,3,4,2,1,1,2,1
1222,1,3,3,2,1,2,1
1564,3,4,2,3,1,1,1
457,3,4,4,3,2,2,3
1151,3,4,2,3,3,3,4
1715,1,4,4,2,3,2,2
50,1,4,2,2,2,3,2
270,4,4,4,2,3,3,4
563,3,3,2,3,3,1,1
1507,4,1,1,3,1,1,1
53,1,2,1,1,3,3,1
156,2,2,3,3,3,3,2
797,4,2,2,3,3,2,2
14,4,4,1,1,1,1,1
1118,4,3,1,2,1,3,3
552,4,4,3,3,2,2,3
1459,1,1,4,3,1,1,1
1364,4,4,3,2,3,2,3
327,3,1,2,3,2,2,2
1620,1,4,4,3,2,1,1
173,3,2,2,2,3,2,2
1409,3,3,4,3,1,2,2
1483,3,3,1,1,3,2,1
943,2,4,3,2,3,1,1
643,1,2,3,2,3,3,1
68,1,1,4,1,1,3,1
1034,2,3,2,1,3,3,1
542,3,1,4,3,1,1,1
1251,1,1,3,3,3,2,1
1286,4,3,3,1,1,3,1
721,3,3,2,3,2,1,1
844,4,2,4,2,3,3,4
1285,1,4,1,2,1,1,1
931,3,4,2,2,3,3,4
873,2,3,1,3,2,3,2
1643,1,1,3,1,2,3,1
1194,2,2,2,3,3,2,2
276,4,4,4,3,1,3,3
953,1,3,1,3,1,2,1
308,4,3,2,2,1,2,2
951,1,2,4,1,3,1,1
685,2,2,3,3,3,1,1
1516,3,4,3,1,1,3,1
624,2,1,4,3,2,2,1
1381,1,4,4,2,2,2,2
295,4,1,3,3,2,1,1
1596,3,3,1,1,3,3,1
451,1,1,3,3,3,1,1
806,2,4,2,2,1,3,2
1642,1,4,2,3,3,2,2
197,1,1,2,2,1,1,1
194,3,2,4,3,1,3,2
1461,4,3,3,1,2,3,1
1662,4,4,4,2,2,1,1
1129,1,2,1,3,1,1,1
1537,3,1,4,2,1,3,2
409,4,3,4,2,2,2,3
1726,4,3,2,1,3,3,1
133,2,4,1,1,2,2,1
730,1,4,4,2,3,1,1
629,1,3,4,3,2,1,1
589,1,3,2,3,2,3,2
751,3,2,4,2,1,1,1
1619,3,2,1,2,3,2,2
196,1,4,2,1,3,1,1
1028,1,3,3,1,1,1,1
399,2,3,4,1,3,1,1
1663,2,2,1,3,2,2,1
1183,4,1,3,2,1,3,2
1439,4,3,3,1,1,2,1
3,2,1,3,3,3,2,1
871,1,1,4,3,3,1,1
1337,1,4,1,3,1,1,1
1326,4,2,1,1,3,2,1
351,1,4,2,3,3,1,1
1607,4,3,3,1,3,2,1
1363,1,3,4,2,2,2,2
561,4,4,3,2,2,1,1
1370,2,4,4,1,2,1,1
874,2,3,4,1,1,1,1
275,4,2,3,1,2,3,1
221,4,2,2,2,3,1,1
281,1,1,3,1,3,2,1
649,2,2,2,1,1,1,1
529,3,3,2,1,3,3,1
1236,2,4,3,1,3,2,1
1069,1,3,3,1,1,3,1
1605,4,1,3,3,2,2,2
1010,4,2,2,1,2,2,1
314,2,3,3,1,2,3,1
920,3,1,1,2,3,3,2
683,1,3,4,3,1,2,1
694,1,1,1,1,3,3,1
753,2,4,4,2,3,3,2
1504,2,3,3,1,1,3,1
142,2,3,4,1,2,1,1
368,4,1,4,3,3,1,1
688,1,3,2,1,1,2,1
1020,4,4,3,3,1,1,1
1303,2,4,2,2,3,1,1
273,3,3,3,2,2,3,4
1280,4,3,1,3,2,2,2
211,4,2,2,1,3,1,1
426,3,2,3,2,1,2,1
1496,1,3,3,2,2,1,1
548,1,4,2,2,1,2,1
1707,4,3,4,3,3,1,1
432,2,3,2,2,1,1,1
1555,1,3,2,2,3,3,2
1590,4,2,2,2,1,1,1
1377,2,2,4,1,2,2,1
1660,2,1,2,3,3,3,1
1344,1,2,1,1,1,2,1
1092,1,1,2,2,1,2,1
352,4,3,1,1,1,2,1
562,1,4,3,3,1,3,2
579,2,1,3,1,1,3,1
339,4,3,4,3,1,2,2
1382,2,4,2,2,1,2,1
771,1,3,2,3,3,2,2
718,2,1,3,1,1,1,1
915,2,2,2,2,2,3,2
113,1,3,2,1,3,1,1
1479,1,1,2,2,3,1,1
62,3,2,4,3,3,2,2
1367,4,4,3,3,2,1,1
1692,4,2,3,2,2,1,1
848,2,3,3,1,3,2,1
1315,1,4,1,3,1,3,1
241,2,2,4,1,1,2,1
965,4,4,4,3,3,2,3
1122,1,3,1,1,2,2,1
1687,1,2,2,2,2,2,1
1133,3,4,4,3,3,1,1
907,1,2,1,3,3,1,1
1541,4,1,1,2,1,3,2
366,1,1,1,3,3,3,1
201,4,1,3,1,1,1,1
755,3,2,2,3,2,3,2
1624,2,2,3,1,2,2,1
63,4,3,4,2,3,3,4
1500,1,3,1,3,3,2,2
1582,3,3,1,1,1,2,1
1319,3,2,4,3,2,2,2
303,3,4,3,3,3,2,3
1696,1,1,4,3,2,2,1
1134,2,3,1,2,3,3,2
1489,2,4,3,1,2,3,1
933,1,4,1,2,1,3,2
1625,1,2,4,1,3,2,1
794,2,2,2,1,2,2,1
92,2,2,1,1,3,3,1
72,3,2,3,1,1,2,1
496,1,2,2,2,3,2,1
581,2,3,4,1,3,3,1
576,2,3,4,3,2,3,2
198,4,1,4,3,2,2,2
682,2,3,2,1,1,2,1
1024,1,1,4,3,2,1,1
337,2,4,1,1,2,3,1
300,1,2,4,3,1,2,1
630,4,4,1,2,1,2,2
140,4,4,1,3,1,2,1
1501,3,3,4,2,1,1,1
541,4,2,1,1,3,1,1
583,1,3,3,3,2,1,1
1032,4,3,3,2,2,2,3
1556,4,2,3,1,1,3,1
1653,3,2,1,3,3,1,1
88,1,4,1,3,2,1,1
177,3,2,1,2,3,3,2
1229,1,2,1,3,1,2,1
958,3,3,3,1,1,2,1
41,1,1,3,2,2,2,1
1096,2,4,4,3,2,3,2
504,4,1,3,1,2,1,1
1530,4,2,2,2,1,3,2
535,4,2,4,1,1,1,1
228,3,3,4,1,2,1,1
716,1,2,3,2,3,2,1
1198,1,2,4,2,2,3,1
1493,2,3,3,3,2,3,2
1204,3,2,4,1,3,3,1
1599,2,4,1,1,3,1,1
985,1,2,2,2,2,3,1
773,4,1,2,1,1,2,1
90,2,1,1,3,3,3,1
183,1,2,1,2,1,2,1
1477,1,2,3,3,2,1,1
1066,1,4,4,1,3,1,1
1305,2,4,2,3,1,1,1
736,1,4,4,2,1,3,2
1672,2,3,3,2,2,1,1
223,4,4,2,3,1,1,1
1535,1,2,3,1,3,2,1
1307,3,1,4,3,3,2,2
544,1,3,4,2,1,3,2
1380,4,3,2,3,1,3,3
317,3,2,2,1,3,3,1
1701,4,1,4,3,2,1,1
443,4,1,3,3,3,1,1
700,3,1,1,1,2,3,1
116,3,2,3,3,3,3,2
331,2,2,1,2,1,1,1
187,3,1,2,1,1,3,1
481,4,1,1,1,3,3,1
157,2,3,4,2,3,2,2
638,2,2,2,1,2,1,1
800,4,1,3,3,2,3,2
1354,3,3,4,1,2,2,1
488,1,4,2,1,2,1,1
1466,3,4,2,3,1,2,2
1228,1,1,2,3,2,2,1
48,2,3,1,2,2,2,1
748,3,1,3,1,3,2,1
888,3,4,3,2,1,2,2
532,4,2,4,3,1,3,2
462,1,4,2,2,2,1,1
1509,2,1,3,2,3,1,1
799,4,1,2,1,3,2,1
1421,3,2,4,2,1,2,1
1128,1,1,1,1,3,2,1
234,2,4,1,3,3,1,1
892,2,4,1,1,2,1,1
1681,2,1,2,3,2,3,1
723,2,2,1,3,2,1,1
653,3,4,4,2,3,3,4
1051,4,1,3,1,3,3,1
960,1,4,3,1,2,2,1
96,2,3,4,2,1,3,2
58,2,3,4,3,3,1,1
1130,4,1,4,1,2,3,1
466,2,4,2,3,2,3,2
454,1,3,2,2,1,2,1
924,2,4,2,3,2,1,1
708,2,4,4,1,1,1,1
663,3,4,2,2,2,1,1
975,2,4,2,3,3,1,1
699,1,4,4,1,2,3,1
165,3,4,2,2,3,1,1
926,3,3,3,3,1,2,2
167,1,1,3,1,1,1,1
607,1,3,4,2,2,1,1
1623,1,1,1,1,1,1,1
974,2,2,2,1,3,3,1
670,3,4,1,1,2,1,1
1676,1,2,4,1,2,2,1
864,3,1,2,3,3,3,2
707,4,1,2,2,1,3,2
701,2,1,4,2,3,2,1
1391,2,4,3,1,3,1,1
1679,4,4,1,1,2,1,1
1079,2,3,1,1,3,1,1
980,3,2,3,1,3,2,1
121,4,3,3,1,2,1,1
1074,4,1,2,1,2,2,1
776,3,3,4,3,3,2,2
479,4,4,2,1,1,3,1
204,3,2,3,2,1,3,2
1288,1,1,2,3,3,2,1
1230,2,4,2,1,1,2,1
1563,1,4,3,3,3,2,2
114,2,2,2,1,2,3,1
1348,4,2,1,2,1,2,2
402,1,4,2,3,3,3,2
354,3,1,3,2,2,2,2
1029,4,3,1,2,1,2,2
449,1,4,1,3,2,3,2
641,2,3,2,3,1,2,1
335,4,3,3,3,1,1,1
1044,4,1,3,3,3,2,2
282,2,1,3,3,1,1,1
690,3,2,3,2,2,3,2
1098,1,4,2,1,2,3,1
1272,2,4,3,2,2,1,1
1015,4,4,1,1,1,3,1
973,4,3,3,1,3,1,1
51,1,2,1,3,2,2,1
1407,4,3,4,1,3,2,1
732,1,1,2,2,2,1,1
370,3,1,3,2,3,1,1
311,3,3,1,3,3,3,4
1396,3,1,2,2,1,1,1
731,2,1,1,3,3,1,1
1475,3,3,2,2,3,1,1
328,1,2,1,1,3,1,1
1721,2,4,1,3,3,2,2
1616,4,1,3,3,3,3,2
256,1,1,3,2,2,1,1
1472,4,4,3,1,2,2,1
1383,3,4,3,3,2,3,4
42,2,3,3,1,2,1,1
362,3,2,1,2,3,1,1
1253,1,1,1,3,1,1,1
1567,2,1,4,1,3,2,1
1018,1,2,1,1,3,2,1
70,2,3,4,1,1,3,1
20,3,1,4,3,3,1,1
1548,1,4,3,2,2,2,2
1258,4,1,1,2,3,3,2
179,1,4,2,1,1,2,1
1147,1,4,2,3,2,2,2
901,2,1,3,3,3,3,1
34,3,4,1,3,3,3,4
692,4,3,3,2,2,3,4
9,3,3,4,3,2,3,4
254,1,2,4,1,1,2,1
756,4,4,4,3,1,2,2
1033,1,2,1,3,2,3,1
106,3,1,1,2,2,2,1
1539,1,1,4,2,3,1,1
604,3,2,1,3,2,3,2
222,1,1,4,3,2,3,1
103,4,2,4,2,2,1,1
1335,2,2,2,2,1,2,1
36,3,1,3,3,3,1,1
367,1,4,1,3,2,2,1
654,2,1,4,2,1,2,1
247,3,2,3,1,2,3,1
992,2,2,2,2,1,3,2
661,3,3,4,3,1,1,1
278,4,4,3,1,2,1,1
1149,3,4,4,2,2,3,4
1052,1,2,2,1,3,3,1
584,3,2,2,2,1,3,2
293,2,1,3,3,2,1,1
857,2,1,1,1,3,2,1
1492,3,4,4,2,3,2,3
547,4,2,1,2,2,2,2
867,4,3,2,2,2,2,2
1628,4,4,2,2,1,2,2
226,4,3,3,1,2,2,1
264,4,4,1,2,1,3,3
350,4,3,4,3,1,1,1
141,1,4,4,2,2,3,2
1694,1,3,4,3,3,1,1
1671,3,4,4,1,3,2,1
1648,4,2,4,3,3,2,2
486,2,2,4,3,2,1,1
1158,2,2,4,1,2,3,1
981,2,3,3,2,3,2,2
302,2,4,1,2,2,1,1
469,4,1,2,1,2,1,1
189,1,4,2,2,3,3,2
573,3,4,3,1,2,1,1
1587,4,2,4,3,1,1,1
1717,3,2,4,2,2,1,1
1515,1,4,4,3,3,3,2
816,3,3,1,3,1,1,1
743,4,4,1,3,3,3,4
306,4,4,2,2,3,3,4
899,4,3,4,1,1,1,1
518,2,2,2,2,3,3,2
1030,4,1,1,1,1,2,1
557,2,3,4,2,1,2,1
265,1,1,2,2,3,2,1
135,3,4,1,3,3,2,3
1520,2,2,3,1,3,2,1
1517,4,3,3,3,1,2,2
860,1,2,3,1,2,2,1
325,2,3,3,2,3,1,1
1250,4,4,2,3,2,3,4
742,2,2,3,3,1,2,1
881,2,1,2,3,2,2,1
271,2,2,3,1,3,1,1
8,2,2,2,1,3,2,1
1562,1,2,2,3,2,2,1
1073,2,2,3,3,2,1,1
205,4,3,3,3,1,3,3
659,1,2,2,1,2,1,1
1603,2,3,2,1,2,2,1
606,3,3,4,2,1,3,2
1209,3,4,3,1,2,3,1
1174,1,4,3,3,3,3,2
345,1,3,4,3,3,2,2
107,3,1,2,2,2,2,1
719,1,3,3,2,3,2,2
258,3,2,2,3,3,2,2
252,1,1,3,3,1,3,1
1397,1,3,2,2,1,1,1
73,2,1,2,1,2,2,1
1240,3,2,3,1,3,3,1
852,3,3,1,2,3,2,2
803,4,1,1,2,3,2,2
1505,3,4,2,3,1,3,3
490,2,3,4,2,2,2,2
549,1,2,4,2,1,2,1
231,1,2,3,2,2,1,1
461,2,4,3,3,2,1,1
1550,1,4,4,2,1,1,1
1330,1,4,1,2,2,3,2
330,4,3,1,2,3,2,3
120,4,2,3,2,1,2,2
1540,4,1,2,2,2,1,1
553,1,2,4,2,2,2,1
1576,2,2,4,3,3,3,2
525,3,3,4,2,2,2,2
1602,3,3,2,1,3,1,1
1184,3,3,4,3,1,3,2
792,4,4,1,2,3,1,1
728,3,1,3,1,3,1,1
872,4,1,2,1,3,1,1
1063,4,2,1,1,2,3,1
597,2,1,4,1,2,2,1
1408,4,1,1,2,2,3,2
828,4,4,1,1,2,3,1
1342,3,2,4,3,1,2,1
590,4,2,2,3,2,1,1
885,1,1,1,3,2,2,1
1270,4,3,1,3,1,1,1
917,2,2,4,1,2,1,1
861,3,1,4,1,3,2,1
168,1,4,4,3,2,2,2
1321,1,3,3,3,1,3,2
108,3,3,4,2,3,2,2
761,3,3,2,2,3,2,2
464,2,2,4,3,1,2,1
989,2,4,2,1,1,1,1
217,1,1,1,1,1,3,1
1538,2,4,3,1,1,3,1
891,4,2,1,2,3,3,4
115,2,1,1,1,3,3,1
191,3,3,1,2,3,1,1
1278,1,2,4,2,1,1,1
423,1,1,2,1,1,2,1
1168,4,1,3,2,1,1,1
702,3,2,3,3,2,2,2
830,3,2,3,1,3,1,1
940,1,3,1,2,2,3,2
835,1,4,4,1,2,1,1
1677,3,2,2,3,3,3,2
1135,3,1,3,2,2,1,1
826,4,3,4,2,2,3,4
40,1,1,4,1,2,2,1
229,2,1,4,2,2,3,1
1036,4,1,2,1,1,3,1
93,4,3,2,2,2,3,3
1082,3,3,1,3,2,2,2
711,2,4,4,2,2,2,2
376,3,4,3,3,3,1,1
1007,3,2,1,1,2,1,1
962,2,4,2,2,3,3,2
1301,4,1,3,2,2,1,1
1352,3,4,3,2,3,2,3
574,3,3,2,2,2,2,2
267,4,4,4,2,1,2,2
737,4,2,3,2,3,3,4
1654,4,2,3,1,1,1,1
1613,2,3,3,3,1,2,1
1046,2,2,1,2,3,3,2
361,4,3,1,1,2,3,1
158,4,3,2,1,2,3,1
788,4,3,2,1,2,2,1
777,2,2,4,1,1,3,1
1150,2,3,4,2,3,3,2
304,2,3,2,2,1,2,1
637,3,2,1,3,3,2,2
176,2,2,3,3,1,1,1
170,3,3,1,2,1,3,2
712,4,3,3,3,2,2,3
635,3,1,2,3,1,1,1
74,1,2,2,2,3,1,1
286,3,1,3,1,2,2,1
603,3,2,2,1,2,3,1
1121,4,4,2,2,3,2,3
1193,3,2,1,1,1,3,1
795,3,1,1,2,1,2,1
1526,2,2,2,2,3,1,1
1172,3,1,3,2,3,2,2
893,3,4,3,3,2,1,1
1554,1,2,2,3,1,3,1
1443,4,1,4,1,2,1,1
1361,4,4,4,3,2,2,3
1659,4,3,2,2,3,1,1
686,2,3,1,2,3,1,1
689,1,1,3,2,3,2,1
918,4,2,4,1,3,1,1
1369,1,4,3,3,1,1,1
1267,4,4,4,1,3,3,1
1719,4,4,2,3,2,2,3
16,2,4,2,3,1,2,1
1384,2,1,1,1,2,1,1
122,1,1,1,3,2,1,1
1316,3,4,4,3,2,3,4
1519,3,2,4,1,3,1,1
1631,3,1,1,3,3,3,2
513,4,4,4,3,3,3,4
900,4,3,4,3,3,3,4
1565,3,3,3,2,1,2,2
379,3,4,2,1,1,3,1
1447,1,2,4,1,2,1,1
696,4,1,4,2,3,1,1
1416,1,2,1,3,1,3,1
1458,2,2,4,2,3,3,2
272,1,2,3,1,2,3,1
934,4,3,2,3,3,1,1
132,4,2,1,2,3,1,1
1657,1,4,4,1,3,2,1
671,2,1,3,3,3,1,1
1709,2,3,2,2,3,2,2
480,1,1,2,3,3,1,1
436,4,4,4,2,3,2,3
798,1,3,2,1,2,2,1
5,1,2,2,3,3,3,1
516,2,3,4,3,1,1,1
1430,3,4,4,1,1,2,1
1346,4,4,1,3,3,2,3
928,4,3,1,3,2,3,3
85,3,3,4,1,1,1,1
1510,4,4,4,3,2,1,1
1300,1,4,3,2,1,2,1
1141,2,2,1,3,3,1,1
238,4,3,1,2,3,1,1
1685,4,2,3,2,2,3,4
1569,4,2,4,1,1,3,1
493,1,1,1,1,2,3,1
679,2,2,2,3,3,3,2
382,2,2,1,1,2,3,1
894,1,2,2,3,3,1,1
495,2,3,2,2,1,3,2
1241,1,2,2,3,2,3,1
954,2,2,3,3,2,2,2
445,1,4,2,3,1,1,1
601,1,2,2,1,1,2,1
949,2,2,1,2,2,1,1
782,3,4,3,2,1,3,3
1412,1,3,1,3,2,3,2
1716,1,3,2,3,1,1,1
512,3,2,1,2,1,2,1
67,3,3,2,3,3,2,2
398,1,4,1,2,2,1,1
1310,1,3,3,3,2,2,2
305,1,1,1,3,1,3,1
299,4,4,3,3,1,2,2
364,1,2,3,1,1,1,1
1225,1,2,3,1,1,3,1
1575,2,4,3,2,2,2,2
1571,4,1,1,3,3,3,2
642,3,4,2,2,1,2,2
1159,3,3,1,3,3,2,2
1292,4,3,4,2,3,1,1
843,1,1,4,1,3,1,1
876,4,2,1,1,1,1,1
378,3,1,2,3,1,2,1
1062,1,3,2,1,1,3,1
297,2,1,4,1,3,1,1
29,1,3,4,2,1,1,1
375,4,3,4,1,3,1,1
657,3,2,3,3,2,3,2
1203,4,4,3,3,3,1,1
124,4,2,1,1,1,2,1
1552,3,2,4,3,1,1,1
1494,4,4,3,3,3,2,3
1076,4,4,2,3,3,2,3
1039,2,4,4,3,3,1,1
1137,4,2,4,3,3,1,1
1294,2,3,4,3,3,2,2
66,3,3,1,1,1,3,1
1274,3,3,3,2,3,1,1
691,4,3,1,3,1,2,1
669,3,4,1,1,3,2,1
555,1,4,1,3,1,2,1
869,1,2,4,3,3,3,1
105,3,2,2,1,1,1,1
766,1,3,2,3,1,3,2
1708,1,4,1,3,3,1,1
251,2,2,3,1,2,1,1
582,3,4,3,1,2,2,1
69,1,3,1,1,1,3,1
1356,1,4,1,2,3,3,2
477,4,1,3,1,2,2,1
1511,1,3,3,1,3,2,1
33,2,2,4,2,3,2,2
431,2,1,2,1,3,2,1
372,3,4,1,1,2,2,1
326,4,1,1,3,2,1,1
1040,4,1,4,2,3,2,2
1347,3,1,3,1,2,3,1
1207,3,1,3,1,3,3,1
1011,1,1,3,1,2,2,1
785,4,3,1,1,1,1,1
322,3,4,3,2,3,1,1
620,1,3,4,3,1,1,1
1338,1,4,4,3,3,2,2
660,3,1,3,3,1,2,1
698,3,2,1,2,1,3,2
1351,3,2,3,2,2,1,1
1323,2,4,1,3,2,2,1
1478,1,2,3,1,1,2,1
1008,3,1,1,2,1,1,1
664,2,3,2,1,1,3,1
1658,2,1,4,1,1,3,1
839,3,3,3,3,1,1,1
458,4,1,2,2,2,3,2
820,2,4,2,1,3,2,1
285,4,2,3,3,3,3,4
1722,4,4,1,1,3,3,1
1379,3,3,2,2,1,3,2
911,4,4,3,2,1,2,2
294,2,4,1,2,2,2,1
1598,3,4,1,1,3,1,1
395,1,1,3,3,1,2,1
986,1,2,3,1,2,1,1
1157,2,2,1,1,3,2,1
262,1,1,3,3,2,2,1
880,4,1,1,3,1,3,1
898,1,4,3,1,1,3,1
153,1,3,4,3,3,3,2
1512,2,2,2,3,1,3,2
1674,1,3,3,1,2,2,1
1608,4,2,3,2,3,2,2
1255,2,2,4,3,1,1,1
571,2,4,1,2,1,3,2
1561,3,4,1,2,1,1,1
1065,3,3,1,2,2,1,1
312,2,1,1,1,1,1,1
1414,1,1,4,3,3,2,1
1423,1,1,3,2,3,3,1
203,2,1,4,3,2,1,1
463,3,1,4,2,1,1,1
1276,4,3,3,3,3,3,4
906,1,2,4,3,1,3,1
450,1,2,4,3,3,2,1
1100,2,3,1,1,1,1,1
1612,4,1,3,3,1,2,1
425,1,3,4,1,1,1,1
24,4,2,4,1,1,2,1
291,2,2,4,2,1,2,1
1014,2,1,1,2,1,1,1
1324,4,3,2,3,2,1,1
1220,3,1,1,1,3,2,1
22,3,1,2,1,1,1,1
1110,3,4,3,3,2,2,3
1281,3,2,2,1,2,2,1
1234,1,1,2,2,2,3,1
1647,4,2,1,2,1,3,2
1002,1,3,4,2,3,2,2
274,2,2,1,1,3,1,1
1514,3,3,3,2,3,3,4
442,2,1,3,3,1,2,1
1362,1,4,2,3,2,3,2
220,3,1,2,1,2,3,1
1621,1,1,1,2,3,2,1
1444,3,4,4,2,1,3,3
1164,3,2,2,3,3,1,1
1188,3,3,4,2,1,2,2
631,2,1,3,1,2,1,1
360,2,2,3,2,3,2,2
587,4,2,2,3,3,3,4
530,3,4,1,2,3,2,3
1661,2,1,2,2,2,1,1
1572,3,3,3,3,3,1,1
634,3,4,2,3,3,2,3
846,1,3,3,1,2,3,1
1012,3,4,3,3,1,3,3
1665,2,2,1,2,3,1,1
1432,4,2,4,3,2,1,1
1464,4,1,3,2,3,1,1
1227,2,3,1,3,2,2,1
1573,3,4,3,1,1,2,1
111,4,2,3,1,3,1,1
932,4,4,1,2,3,2,3
214,3,1,1,3,2,1,1
1372,2,3,1,1,1,2,1
152,4,2,1,2,1,1,1
1163,2,3,2,2,3,3,2
845,4,3,1,2,3,3,4
1698,2,3,1,1,2,2,1
150,4,1,1,2,1,2,1
287,2,2,4,2,2,1,1
978,4,2,4,3,1,2,2
1165,1,1,2,1,2,2,1
422,2,2,3,3,2,3,2
540,4,4,1,3,1,3,1
334,2,4,3,2,2,3,2
1131,2,1,1,2,2,1,1
1232,2,3,3,3,1,3,2
625,4,2,2,2,3,3,4
119,2,4,1,1,1,3,1
939,4,1,4,2,1,2,1
1231,4,1,2,1,3,3,1
1075,1,2,4,1,1,1,1
1045,2,4,3,3,2,2,2
674,2,1,1,2,3,1,1
1026,4,2,2,1,1,2,1
289,2,2,4,2,1,1,1
819,3,2,1,3,1,1,1
1470,4,4,4,2,1,1,1
611,4,4,3,2,3,3,4
1049,3,2,2,1,1,2,1
499,3,2,4,1,2,2,1
1019,1,3,3,3,1,1,1
1249,3,1,2,2,1,2,1
1566,3,3,4,3,2,2,2
1102,1,2,2,2,2,1,1
99,2,1,1,3,1,1,1
1169,4,2,3,2,3,1,1
1093,2,1,2,3,2,1,1
21,3,2,4,3,3,3,2
837,3,4,1,1,1,3,1
959,3,3,3,1,1,1,1
580,3,3,2,1,2,2,1
774,1,4,1,2,1,2,1
1583,2,1,4,3,3,2,1
1424,1,4,3,1,3,2,1
1275,1,2,2,1,3,1,1
1611,1,4,2,2,3,1,1
666,3,2,4,2,3,1,1
1360,1,4,1,3,3,3,2
1690,1,1,4,3,1,2,1
922,4,2,4,2,2,2,2
733,4,1,2,3,2,2,2
1536,2,1,1,2,2,2,1
1523,2,2,2,3,1,2,1
1652,4,1,1,2,2,2,1
1392,2,4,2,2,1,1,1
1560,2,2,4,3,2,3,2
52,1,2,3,3,2,3,1
967,2,4,3,2,3,2,2
927,2,4,4,2,3,2,2
1508,3,2,2,3,1,3,2
1304,1,1,4,2,2,2,1
905,1,4,3,2,3,2,2
1436,2,2,4,2,3,1,1
875,4,4,1,2,2,3,3
1119,4,1,4,1,1,3,1
996,1,4,2,1,1,1,1
1691,3,2,3,2,3,2,2
365,3,4,4,3,2,1,1
1394,3,3,1,3,2,3,2
1476,3,1,4,1,1,2,1
621,3,4,1,2,1,2,2
94,3,4,2,1,2,3,1
145,4,2,4,3,2,3,4
1534,4,3,2,3,3,3,4
887,1,3,1,1,2,1,1
1584,1,2,4,1,3,3,1
717,2,1,2,1,3,3,1
230,4,4,1,2,2,2,2
420,3,3,4,1,3,1,1
